{
  "baseline_p90_ms": 33666.666666666664,
  "breakpoint_users": 10,
  "breakpoint_p90_ms": 33666.666666666664
}